bici,count
310-6630,9
374-7771,9
540-5741,9
597-6196,9
662-2831,9
259-0552,9
302-5087,9
630-3077,9
869-5678,9
464-5834,9
503-8377,9
766-0483,9
454-9192,9
206-0895,9
328-2498,9
445-6067,9
553-8657,9
701-9979,9
203-3454,9
243-0429,9
265-1230,9
665-7076,9
707-1194,9
743-5001,9
856-6721,9
861-9280,9
335-0139,9
809-9269,9
253-7306,9
473-7185,9
712-6394,9
722-1336,9
368-9981,9
758-4584,9
327-1228,9
586-0358,9
630-6864,9
247-3213,9
651-3584,9
725-9187,9
576-5136,9
833-5416,9
874-3361,9
336-3546,9
341-9835,9
772-0675,9
489-6452,9
526-6515,9
888-0189,9
509-8314,9
338-1134,9
701-8070,9
522-2815,9
633-1011,9
644-7676,9
651-1539,9
708-6903,9
551-4476,9
265-9779,9
415-6386,9
620-6304,9
206-3758,9
359-8612,9
420-5951,9
622-8936,9
637-8988,9
747-0255,9
235-9453,9
570-8466,9
719-0465,9
766-5680,9
205-3031,9
640-1327,9
712-4837,9
273-7070,9
531-6872,9
784-9763,9
890-5085,9
892-3039,9
899-0392,9
533-4016,9
580-9553,9
722-8802,9
734-1696,9
881-5185,9
847-5725,9
897-9353,9
236-6243,9
815-1425,9
248-5936,9
451-7314,9
682-3876,9
685-7031,9
356-8086,9
557-9917,9
243-4967,9
252-8552,9
483-4982,9
680-4090,9
722-9198,9
771-2060,9
812-6849,9
395-7404,9
511-0358,9
597-5453,9
644-0143,9
674-9246,9
728-7873,9
769-9259,9
827-8541,9
412-2115,9
803-2229,9
456-4894,9
681-4099,9
819-3229,9
766-5110,9
338-0177,9
408-5999,9
408-6674,9
440-3606,9
479-7403,9
620-8748,9
743-5233,9
873-9930,9
890-7156,9
820-2970,9
872-7406,9
447-2783,9
767-2348,9
271-6710,9
469-0467,9
368-1376,9
704-3060,9
542-1706,9
290-9869,9
392-3125,9
425-0031,9
622-3317,9
699-9999,9
824-7744,9
872-6630,9
676-7115,9
531-7136,9
646-4572,9
802-8417,9
330-8814,9
541-0311,9
608-2812,9
507-5130,9
715-1178,9
744-7014,9
257-1578,9
629-8582,9
268-4868,9
274-8994,9
303-6936,9
536-5184,9
551-7446,9
403-7354,9
677-2065,9
453-4269,9
642-2463,9
374-8506,9
396-7825,9
654-6949,9
700-5978,9
825-5879,9
394-3388,9
608-7621,9
702-9341,9
778-0810,9
231-1322,9
321-7833,9
531-6591,9
530-1064,9
795-8085,9
575-1052,9
660-1280,9
831-9923,9
509-6995,9
812-6104,9
872-1110,9
284-3118,9
771-1260,9
821-0486,9
681-1509,9
739-4042,9
290-2179,9
374-3234,9
498-5685,9
579-8830,9
605-9026,9
474-0635,9
837-7251,9
881-3727,9
383-9602,9
641-2308,9
787-7962,9
834-6561,9
706-0825,9
837-0728,9
576-9989,9
777-1306,9
843-1413,9
479-0085,9
698-8794,9
829-5370,9
294-5210,9
286-4056,9
293-8223,9
547-2709,9
243-1278,9
825-8964,9
228-3828,9
807-3843,9
553-5273,9
666-6523,9
601-1589,9
878-0629,9
245-9220,9
289-3022,9
603-2544,9
469-6704,9
472-4290,9
575-4346,9
235-0478,9
676-7024,9
854-1591,9
320-8584,9
424-9587,9
618-1333,9
800-6496,9
312-7966,9
694-1488,9
718-5606,9
728-4276,9
592-5193,9
762-5148,9
308-3789,9
470-8368,9
637-5927,9
801-8459,9
317-8902,9
390-7524,9
512-5273,9
855-4479,9
306-7105,9
815-8941,9
895-4174,9
282-9620,9
368-9510,9
440-5346,9
618-0426,9
704-2450,9
382-1741,9
537-3139,9
561-2148,9
642-4329,9
877-5744,9
280-8731,9
543-4618,9
268-2136,9
465-6245,9
206-5795,9
606-5692,9
516-0619,9
866-2561,9
877-3533,9
318-8802,9
428-6597,9
782-0533,9
316-3557,9
210-8439,9
499-8803,9
336-0260,9
783-8964,9
395-6026,9
442-9387,9
221-3205,9
376-2846,9
505-9605,9
637-9986,9
214-9425,9
562-6148,9
750-0283,9
284-4637,9
688-6162,9
488-7675,9
588-5496,9
624-0345,9
505-2956,9
509-1194,9
586-7668,9
325-5205,9
772-0493,9
546-0381,9
551-3619,9
237-9345,9
499-8613,9
796-0578,9
232-0075,9
366-0032,9
576-6290,9
440-1675,9
734-9129,9
889-9155,9
311-9872,9
392-2523,9
802-9928,9
409-4140,9
359-0841,9
717-1820,9
829-9752,9
365-9539,9
258-6121,9
602-7460,9
705-0396,9
713-7649,9
403-2595,9
447-9358,9
607-4793,9
752-0299,9
254-4187,9
391-3340,9
508-1302,9
225-9042,9
573-5881,9
240-1610,9
276-4900,9
361-5481,9
328-5871,9
664-0635,9
802-3871,9
846-6369,9
862-5089,9
542-6200,9
470-1819,9
479-4483,9
630-8878,9
280-5331,9
322-7113,9
636-0689,9
694-1421,9
808-1168,9
624-4552,9
864-6887,9
799-2068,9
834-2438,9
720-8739,9
303-9039,9
643-2561,9
355-1272,9
438-2271,9
470-8087,9
412-4012,9
632-3299,9
741-7025,9
470-0084,9
544-6828,9
755-9651,9
348-7188,9
409-9479,9
677-9474,9
402-6886,9
436-4154,9
490-5261,9
594-1935,9
755-3134,9
209-9497,9
569-0284,9
780-0352,9
282-5875,9
711-7591,9
788-2673,9
231-5224,9
568-4204,9
642-8627,9
853-2970,9
872-2605,9
873-1473,9
402-3263,9
499-2624,9
621-1155,9
219-8596,9
323-7971,9
592-6894,9
712-1627,9
853-0602,9
329-7082,9
596-8136,9
601-7123,9
274-8218,9
554-3525,9
584-1770,9
778-5009,9
763-5865,9
879-7177,9
358-3028,9
388-3105,9
585-1639,9
676-8493,9
331-4309,9
522-7871,9
612-0554,9
848-1285,9
245-1995,9
613-1213,9
301-9684,9
729-2238,9
825-2355,9
830-9858,9
323-5702,9
398-3962,9
421-1918,9
576-1796,9
582-4750,9
697-3473,9
438-4509,9
465-5627,9
647-1098,9
230-4806,9
613-6626,9
721-5288,9
747-5130,9
753-7756,9
866-8469,9
295-8197,9
533-3216,9
541-1921,9
815-2522,9
838-9918,9
891-2842,9
381-1122,9
646-8193,9
764-6359,9
385-2829,9
608-6151,9
423-8846,9
472-2682,9
506-1742,9
623-5014,9
680-1989,9
233-1767,9
796-8894,9
842-5050,9
716-9857,9
735-8773,9
804-1477,9
276-9024,9
363-3203,9
277-5641,9
898-6259,9
591-8644,9
602-8369,9
631-5063,9
765-8636,9
302-6861,9
366-0255,9
540-4041,9
364-4945,9
668-1720,9
686-7170,9
691-7108,9
738-7426,9
809-9202,9
274-6360,9
356-0604,9
589-7012,9
237-5194,9
762-4869,9
281-1719,9
515-1030,9
873-5052,9
217-1460,9
431-0827,9
227-7713,9
228-9809,9
242-4299,9
478-1670,9
684-1910,9
608-1798,9
657-7621,9
377-6283,9
586-9581,9
816-7264,9
861-8183,9
526-7851,9
899-7280,9
221-6190,9
308-0512,9
610-8369,9
203-1300,9
589-7996,9
734-8550,9
783-8345,9
803-8267,9
437-0623,9
299-4200,9
331-4291,9
727-4657,9
463-8698,9
799-8347,8
352-1556,8
683-2752,8
852-0017,8
418-1483,8
852-4001,8
689-7078,8
448-5322,8
823-9691,8
582-8884,8
884-8749,8
254-0946,8
266-2567,8
459-5765,8
475-5880,8
616-7589,8
510-5739,8
828-0935,8
210-0857,8
779-5743,8
356-6759,8
245-9592,8
299-9852,8
314-7022,8
898-7539,8
220-3701,8
402-3032,8
364-9266,8
884-7642,8
299-9811,8
334-8794,8
534-3660,8
766-5920,8
454-6412,8
570-5405,8
771-1633,8
428-4246,8
697-7052,8
895-0636,8
846-9603,8
259-6260,8
380-2147,8
840-3651,8
775-4203,8
858-3502,8
595-0068,8
440-9496,8
756-6870,8
783-4021,8
407-4175,8
692-6687,8
597-1320,8
896-3506,8
457-6500,8
202-9635,8
467-1970,8
728-9077,8
264-6701,8
692-4450,8
743-6181,8
870-4140,8
883-8906,8
886-6568,8
234-4323,8
346-2769,8
425-5840,8
324-9877,8
638-5702,8
704-3466,8
870-1542,8
300-2144,8
569-3536,8
741-0467,8
892-2254,8
200-2400,8
247-7073,8
343-3026,8
420-9540,8
639-4506,8
811-0918,8
221-6679,8
226-4547,8
274-4787,8
681-0816,8
785-9242,8
313-2362,8
744-5927,8
473-3952,8
354-7023,8
801-5232,8
844-1156,8
828-0224,8
344-7349,8
559-1110,8
673-3778,8
275-5460,8
566-6466,8
810-9597,8
266-2021,8
471-7153,8
485-2091,8
657-6847,8
725-9781,8
603-7717,8
892-5505,8
449-1510,8
475-7019,8
618-7454,8
263-1802,8
475-8785,8
312-8196,8
576-4071,8
383-1559,8
877-7518,8
813-6483,8
294-2712,8
418-6763,8
734-5192,8
800-4327,8
710-0019,8
661-5454,8
484-2142,8
548-9315,8
540-2276,8
699-6326,8
845-5214,8
758-1101,8
294-8776,8
550-6555,8
403-2355,8
769-8483,8
209-1692,8
395-3981,8
390-5585,8
520-0662,8
677-1117,8
719-4087,8
424-5171,8
283-5395,8
754-0453,8
462-0233,8
633-4718,8
857-7694,8
241-5370,8
860-7178,8
372-6338,8
581-5808,8
228-6797,8
633-4312,8
798-9494,8
445-1399,8
890-1290,8
200-5213,8
300-7895,8
340-5461,8
304-9277,8
644-8302,8
586-9219,8
678-2890,8
770-0107,8
433-0726,8
214-8476,8
337-5813,8
240-1123,8
256-2866,8
358-1600,8
718-5374,8
501-0087,8
732-6044,8
438-0481,8
488-7139,8
779-3060,8
849-1797,8
656-6236,8
361-2157,8
750-5993,8
855-4909,8
324-7186,8
491-2986,8
518-9014,8
600-5110,8
803-3870,8
356-8862,8
259-7797,8
807-9618,8
621-8309,8
661-5900,8
756-3661,8
676-9590,8
403-1670,8
489-8391,8
367-0049,8
697-6039,8
740-8941,8
812-2053,8
386-0327,8
801-5364,8
593-1258,8
452-6737,8
381-5552,8
482-2292,8
487-7924,8
384-7787,8
530-2856,8
537-4202,8
652-5703,8
889-1335,8
534-5533,8
703-4192,8
216-9530,8
449-9026,8
636-4038,8
488-4821,8
658-9311,8
672-0403,8
795-6527,8
448-1933,8
845-4738,8
438-8500,8
865-8304,8
602-8971,8
230-3428,8
541-5633,8
491-3422,8
607-4249,8
276-0270,8
339-9052,8
748-6038,8
255-6074,8
684-9202,8
602-4509,8
704-3565,8
818-2651,8
726-4286,8
871-5864,8
311-2604,8
824-0111,8
339-1125,8
299-2469,8
358-4745,8
895-8464,8
319-2481,8
605-0173,8
686-2452,8
768-1760,8
226-4414,8
739-6286,8
245-2159,8
608-5070,8
692-3908,8
702-6248,8
301-6474,8
424-1949,8
472-1932,8
695-3186,8
308-5263,8
550-3149,8
347-5340,8
366-8274,8
570-0257,8
641-9618,8
821-1708,8
249-4516,8
669-7718,8
412-2016,8
718-5598,8
800-8971,8
651-0093,8
406-5207,8
508-4520,8
770-5791,8
894-7012,8
266-3466,8
605-7236,8
327-6409,8
362-7395,8
357-2260,8
403-2215,8
405-1835,8
202-1087,8
684-5499,8
225-0355,8
467-2192,8
657-1822,8
876-7121,8
541-5922,8
879-2079,8
481-7722,8
738-9240,8
373-3581,8
465-3358,8
558-2143,8
213-1829,8
370-2214,8
521-7583,8
799-3702,8
513-8201,8
271-4988,8
766-8270,8
656-2458,8
463-4176,8
785-1702,8
669-6371,8
435-0518,8
610-1273,8
349-7914,8
445-7081,8
833-5663,8
782-5359,8
676-5416,8
816-3586,8
232-8193,8
558-9460,8
420-4046,8
750-1224,8
213-9996,8
236-9403,8
564-0586,8
446-4624,8
727-1174,8
757-6804,8
790-2414,8
223-0373,8
572-5742,8
626-8601,8
206-7452,8
580-7235,8
584-4618,8
881-2802,8
226-6120,8
235-9420,8
462-1223,8
566-7803,8
890-4112,8
227-3613,8
386-1267,8
501-7538,8
604-1420,8
659-3099,8
893-3368,8
241-6998,8
436-4998,8
212-5466,8
336-5624,8
490-6764,8
567-9634,8
713-3101,8
270-2280,8
513-0430,8
807-3660,8
401-8503,8
842-7411,8
863-8025,8
370-4608,8
573-0874,8
577-2777,8
768-1166,8
452-0896,8
508-9545,8
776-4368,8
249-3112,8
706-9198,8
603-0076,8
684-5226,8
271-2495,8
500-4304,8
600-9468,8
224-2188,8
332-5347,8
866-5283,8
366-2335,8
676-9459,8
381-1916,8
413-6933,8
715-9437,8
292-6962,8
386-6621,8
569-7495,8
760-8961,8
424-0362,7
866-4021,7
271-6892,7
246-0921,7
512-8384,7
804-9512,7
444-2893,7
382-6492,7
559-4643,7
850-2320,7
616-2556,7
716-1920,7
443-9329,7
839-5840,7
483-3745,7
249-9283,7
289-5100,7
290-3508,7
599-3365,7
430-0588,7
505-9159,7
422-6221,7
655-9439,7
659-7736,7
452-7339,7
791-0524,7
754-0735,7
799-6309,7
426-6870,7
639-6402,7
593-3718,7
719-2420,7
262-0524,7
346-2587,7
328-5368,7
508-9420,7
786-8425,7
225-3334,7
232-1669,7
248-2636,7
444-8197,7
729-9688,7
209-2070,7
244-2572,7
711-2022,7
228-9742,7
266-3458,7
248-3725,7
484-7489,7
603-2759,7
637-0092,7
681-6839,7
845-2906,7
465-1469,7
311-0558,7
477-6977,7
896-4678,7
238-7405,7
620-9241,7
514-0207,7
377-2787,7
261-6019,7
476-2811,7
545-2651,7
257-0778,7
445-3767,7
255-5605,7
552-3022,7
865-1903,7
222-0168,7
446-2651,7
325-8811,7
855-9726,7
657-8975,7
779-3979,7
508-7168,7
241-3607,7
223-3831,7
753-1304,7
896-0825,7
791-4476,7
440-3945,7
767-0227,7
473-7797,7
871-9155,7
515-4364,7
721-2970,7
885-2709,7
253-8320,7
763-0064,7
850-3740,7
686-7469,7
527-9906,7
543-1796,7
690-4098,7
365-7889,7
701-8799,7
375-1757,7
659-4451,7
873-6266,7
809-1951,7
432-4091,7
655-8316,7
551-6711,7
551-4278,7
349-5736,7
400-3380,7
601-2538,7
699-6839,7
659-6894,7
475-0899,7
854-9867,7
335-7951,7
446-2529,7
691-1432,7
603-2056,7
233-0363,7
465-0792,7
650-8782,7
835-9630,7
306-7022,7
412-2461,7
836-0430,7
295-6902,7
417-2102,7
497-9183,7
408-2822,7
787-0116,7
869-4705,7
612-7294,7
682-0724,7
564-0974,7
274-0363,7
607-1658,7
870-7945,7
305-7924,7
855-0352,7
743-4038,7
466-7051,7
638-9142,7
657-5815,7
788-2574,7
405-8962,7
213-5663,6
245-8644,6
305-6082,6
369-3900,6
451-1259,6
605-3235,6
693-8872,6
803-6279,6
753-8754,6
806-8462,6
868-6412,6
281-4069,6
572-7698,6
686-0829,6
706-4132,6
235-1062,6
660-5596,6
705-3309,6
799-2688,6
823-0013,6
853-7615,6
717-0590,6
764-4271,6
866-2959,6
212-6456,6
438-3386,6
529-2057,6
698-6947,6
726-2694,6
605-5115,6
208-8771,6
468-7034,6
527-2562,6
718-5358,6
259-0016,6
233-1650,6
274-6576,6
339-5530,6
612-6890,6
840-7108,6
210-0295,6
589-3698,6
644-8351,6
786-2469,6
798-8751,6
812-9025,6
844-5090,6
539-2683,6
593-0904,6
718-0250,6
753-8432,6
254-5085,6
330-0258,6
346-0425,6
501-5722,6
539-1321,6
639-1544,6
431-0975,6
866-2108,6
875-9318,6
895-8886,6
368-2341,6
824-3800,6
206-5027,6
243-1625,6
297-9979,6
769-7402,6
822-9387,6
414-4028,6
448-7021,6
762-2616,6
820-0305,6
884-6552,6
656-0197,6
672-9354,6
691-1788,6
387-1787,6
432-8019,6
521-5058,6
765-3686,6
845-6790,6
861-2392,6
530-4647,6
456-9760,6
486-6828,6
589-3227,6
614-0958,6
899-3461,6
214-8674,6
437-1365,6
522-7277,6
382-9173,6
520-8913,6
631-0353,6
361-4617,6
522-2740,6
582-7811,6
658-2852,6
712-5685,6
798-7720,6
327-0857,6
438-2339,6
679-9324,6
857-3040,6
875-8492,6
306-3260,6
392-4800,6
574-4453,6
613-0124,6
763-4876,6
200-1188,6
585-9525,6
770-8357,6
372-2741,6
403-4310,6
516-9826,6
707-8272,6
806-5195,6
242-5569,6
509-4628,6
606-0487,6
680-8356,6
245-2399,6
304-6505,6
315-8763,6
489-2808,6
573-5162,6
810-9498,6
313-6686,6
319-6425,6
393-7471,6
849-7869,6
868-0498,6
393-8537,6
579-6255,6
639-4464,6
761-6832,6
797-4736,6
651-2412,6
352-9765,6
481-4547,6
898-7026,6
359-7820,6
405-4870,6
511-7957,6
715-4362,6
845-4787,6
338-9848,6
586-9029,6
623-1674,6
230-9813,6
791-1506,6
303-7645,6
443-0443,6
468-7448,6
744-0381,6
792-0309,6
203-2662,6
206-9797,6
627-6794,6
605-0157,6
711-1388,6
738-6972,6
226-9066,6
310-2837,6
513-1966,6
743-4277,6
826-1596,6
868-4284,6
226-9900,6
318-9479,6
865-3198,6
327-1160,6
325-7136,6
389-5687,6
599-7689,6
766-5904,6
791-3023,6
874-1829,6
208-3855,6
219-6772,6
237-7505,6
397-2148,6
639-6162,6
715-7910,6
250-2870,6
482-9412,6
553-0373,6
615-1070,6
693-5027,6
735-9995,6
418-0899,6
253-3214,6
304-1290,6
309-0537,6
347-4335,6
378-0632,6
449-3128,6
462-0688,6
674-6051,6
809-3296,6
347-6207,6
350-3109,6
548-3300,6
622-2459,6
709-9732,6
400-4115,6
422-3996,6
536-6257,6
590-8306,6
720-4076,6
299-2501,6
365-8044,6
405-8202,6
441-8984,6
541-9379,6
661-3558,6
410-9377,6
245-0013,6
672-8208,6
740-1482,6
429-2264,6
662-0959,6
741-1796,6
763-8745,6
428-8601,6
500-1763,6
734-9269,6
225-2534,6
525-0923,6
526-7000,6
859-1737,6
436-5912,6
561-0332,6
646-3905,6
649-9347,6
824-0335,6
897-7407,6
261-8791,6
310-5046,6
380-7070,6
399-1262,6
438-2560,6
433-2201,6
481-2194,6
634-1861,6
705-2889,6
712-7673,6
740-7273,6
354-6132,6
356-7922,6
562-3012,6
647-1403,6
325-7946,6
342-4827,6
370-3600,6
549-9447,6
809-7495,6
887-5270,6
615-5329,6
204-9559,6
657-6714,6
795-9372,6
884-3427,6
790-8320,6
753-4167,6
223-9895,6
363-6016,6
431-9984,6
764-7613,6
869-2618,6
870-9453,6
590-6821,6
316-2757,6
800-3139,6
862-6061,6
497-6270,6
829-4035,6
250-1187,6
273-7989,6
432-5205,6
570-8128,6
767-8402,6
852-8648,6
212-1341,6
274-7848,6
349-0786,6
372-7658,6
543-9500,6
648-3317,6
654-9083,6
486-8600,6
693-8922,6
433-8414,6
481-6047,6
710-8749,6
770-2525,6
804-0438,6
288-0862,6
326-2086,6
370-6108,6
393-8982,6
447-5844,6
827-4672,6
870-3829,6
351-6234,6
815-2407,6
855-7753,6
371-0266,6
383-1393,6
470-1058,6
725-7629,6
825-5051,6
303-5284,6
395-5838,6
632-9304,6
669-5977,6
799-0492,6
869-9225,6
777-1520,6
532-3191,6
413-4847,6
515-3408,6
560-8021,6
581-1617,6
630-4703,6
634-7520,6
733-9724,6
742-3007,6
208-9191,6
267-8068,6
323-1347,6
494-0052,6
573-4744,6
738-1114,6
338-3437,6
455-4747,6
787-6279,6
505-8532,6
742-8394,6
850-0951,6
205-0045,6
474-0155,6
537-0218,6
568-7371,6
581-0502,6
240-9456,6
286-5103,6
298-2585,6
351-8438,6
687-4796,6
753-9083,6
839-3563,6
229-6127,6
332-6253,6
458-1005,6
477-1028,6
877-8839,6
897-8660,6
237-0856,6
248-3360,6
371-7477,6
386-2356,6
526-9584,6
606-0107,6
719-5290,6
215-5794,6
216-5470,6
269-0337,6
470-7402,6
657-6490,6
694-2239,6
706-6897,6
768-0085,6
861-9058,6
298-4581,6
550-2869,6
808-8551,6
898-9568,6
638-7427,6
338-6968,6
427-5343,6
481-8852,6
354-5514,6
503-7767,6
566-7340,6
757-2985,6
754-6344,6
780-6151,6
862-8273,6
693-0788,6
801-1108,6
249-4243,6
411-9038,6
826-9904,6
281-2600,6
522-2336,6
541-8256,6
641-7943,6
647-9604,6
800-8088,6
397-1249,6
612-1891,6
816-9047,6
875-5852,6
326-8620,6
331-3871,6
597-0462,6
792-6967,6
216-2063,6
209-3797,6
615-8471,6
630-4836,6
695-4143,6
581-4371,6
286-1482,6
301-2796,6
413-9242,6
441-2433,6
461-4095,6
484-6184,6
860-9505,6
263-5076,6
433-6665,6
738-8598,6
531-9066,6
548-5503,6
226-6088,6
263-4681,6
264-9259,6
523-2467,6
619-5424,6
667-5789,6
207-3567,6
226-5338,6
372-3418,6
789-5451,6
722-4165,6
232-9423,6
330-4540,6
388-0234,6
454-7691,6
556-4851,6
804-9397,6
816-6399,6
877-3335,6
897-4875,6
233-5552,6
308-9042,6
341-6856,6
490-6681,6
681-0436,6
232-6742,6
727-6454,6
860-9513,6
256-6867,6
302-6994,6
315-9936,6
496-0266,6
616-7498,6
733-9336,6
748-4835,6
755-3555,6
406-0927,6
526-8453,6
268-6418,6
422-1453,6
434-1525,6
712-0009,6
772-7274,6
883-1026,6
207-8566,6
472-6881,6
773-6788,6
345-3032,6
561-2692,6
612-0364,6
690-8529,6
659-1614,6
234-2798,6
397-5158,6
504-2023,6
631-3803,6
640-1970,6
705-0925,6
708-6184,6
406-6957,6
565-3449,6
774-8148,6
854-7119,6
629-9887,6
317-4505,6
427-7828,6
446-1562,6
472-3912,6
520-1520,6
521-0612,6
547-7435,6
580-7987,6
588-5702,6
589-4506,6
215-9804,6
425-5022,6
483-2986,6
612-0851,6
733-6605,6
807-9634,6
229-4676,6
257-3889,6
268-6814,6
362-7130,6
397-1009,6
398-4226,6
410-2554,6
810-9068,6
236-9833,6
281-7427,6
438-3592,6
587-4391,6
682-3843,6
737-7641,6
241-4001,6
271-9672,6
364-7062,6
474-9941,6
857-7587,6
215-0100,6
315-1941,6
364-2337,6
528-3692,6
360-4899,6
418-2499,6
490-9677,6
550-3966,6
879-1824,6
461-6272,6
544-6323,6
795-5834,6
820-7227,6
720-8838,6
729-2444,6
789-6111,6
290-9042,6
291-6351,6
482-6665,6
532-3407,6
550-9179,6
579-4623,6
805-2599,6
450-8636,6
521-7351,6
587-5729,6
848-0923,6
200-9132,6
374-7516,6
777-2783,6
850-2890,6
246-6886,6
359-6129,6
446-1190,6
464-4167,6
468-9253,6
506-6527,6
559-9311,6
856-3306,6
891-0986,6
371-5232,6
611-1025,6
658-5525,6
747-5890,6
209-1239,6
282-7046,6
444-7389,6
456-1577,6
797-0270,6
497-2170,6
701-4756,6
226-0099,6
240-9464,6
287-6605,6
449-1841,6
571-1478,6
375-9222,6
595-9283,6
779-5412,6
580-7714,6
701-7742,6
784-1570,6
811-6121,6
452-6042,6
844-8383,6
846-5353,6
501-5854,6
214-1414,6
548-6220,6
761-8820,6
201-8075,6
508-9818,6
270-5010,6
476-8438,6
532-2987,6
661-7054,6
664-9420,6
488-0894,6
580-1873,6
601-0771,6
726-2884,6
748-9446,6
874-8535,6
278-4551,6
281-0455,6
285-0105,6
463-6726,6
651-0671,6
736-2726,6
266-7640,6
361-1324,6
457-9603,6
521-3111,6
704-2187,6
757-7059,6
484-3082,6
723-1624,6
824-3479,6
366-0776,6
490-3878,6
627-3684,6
879-2442,6
337-3107,6
684-6497,6
718-1191,6
292-9263,6
378-6043,6
386-3818,6
462-8186,6
584-7983,6
659-3347,6
850-9465,6
899-0376,6
446-5720,6
756-4529,6
898-2381,6
330-0829,6
344-0724,6
494-6638,6
601-1647,6
834-4798,6
701-9243,6
458-8778,6
524-0700,6
648-4430,6
651-4137,6
771-2557,6
841-0862,6
569-7222,6
837-0967,6
875-7767,6
203-3322,6
224-8615,6
299-6981,6
334-9370,6
203-3587,6
498-5818,6
809-5408,6
345-3743,6
261-2539,6
382-1428,6
649-1625,6
384-6300,6
432-1642,6
527-6258,6
557-3761,6
680-1930,6
702-9804,6
810-2766,6
406-3186,6
585-7941,6
644-9896,6
648-6534,6
749-4503,6
241-0736,6
476-6036,6
611-9762,6
688-5818,6
253-2778,6
351-3009,6
777-3815,6
380-7542,6
397-9952,6
443-7547,6
462-6404,6
473-2731,6
697-1105,6
708-7851,6
816-9302,6
225-1023,6
422-9019,6
532-6491,6
533-7753,6
589-9026,6
755-0312,6
815-2027,6
231-9713,6
425-0957,6
480-9562,6
506-6279,6
565-2102,6
614-4216,6
765-4528,6
834-2909,6
224-1156,6
710-0621,6
778-8565,6
275-5221,6
507-3705,6
508-5352,6
556-8563,6
653-5272,6
668-5929,6
750-9391,6
207-8988,6
280-6099,6
464-1478,6
516-7648,6
534-5426,6
204-8528,6
251-5948,6
520-4102,6
595-4821,6
628-0747,6
750-9037,6
865-5185,6
209-3946,6
287-3743,6
540-4736,6
802-4937,6
296-8428,6
307-6726,6
327-6516,6
458-4074,6
528-3098,6
671-4448,6
590-0436,6
630-4729,6
835-8400,6
387-3072,6
563-3102,6
620-4259,6
628-0390,6
715-5906,6
853-6393,6
869-4077,6
530-8192,6
242-0297,6
511-9219,6
561-0472,6
615-3696,6
811-0397,6
244-6540,6
297-6363,6
325-9579,6
409-3415,6
646-0224,6
282-9166,6
285-1186,6
388-3410,6
556-4174,6
696-8614,6
714-7432,6
236-3406,6
282-2906,6
423-0819,6
547-7682,6
770-9876,6
807-1649,6
224-0851,6
479-7684,6
484-7067,6
502-7966,6
804-0685,6
824-9492,6
223-6883,6
251-1368,6
275-1493,6
280-1454,6
410-5862,6
529-3808,6
807-1938,6
556-3028,6
698-6178,6
731-9908,6
776-8179,6
843-0522,6
890-9970,6
255-1927,6
445-7529,6
521-4507,6
553-7063,6
662-3847,6
737-6890,6
886-6147,6
897-8751,6
215-6263,6
482-1690,6
756-9346,6
461-3899,6
759-2850,6
797-2961,6
366-7474,6
432-5718,6
520-2841,6
734-3189,6
679-7872,6
285-6144,6
359-3357,6
408-9405,6
593-2231,6
787-1007,6
225-3854,6
246-8767,6
811-2013,6
867-1919,6
872-2969,6
600-7652,6
440-2673,6
897-7704,6
734-2082,6
742-4971,6
831-5707,6
865-6290,6
600-9534,6
283-9413,6
327-3026,6
383-2581,6
394-8155,6
726-4716,6
320-1787,6
543-0400,6
566-3455,6
617-7539,6
627-8360,6
717-4121,6
778-0612,6
301-1293,6
397-7261,6
405-1157,6
439-7063,6
442-1772,6
446-1596,6
574-6334,6
629-4433,6
651-6447,6
687-9837,6
272-6784,6
310-4445,6
557-1583,6
561-2445,6
563-7533,6
685-6751,6
837-3052,6
867-9474,6
667-7587,6
683-8197,6
600-4568,6
648-1287,6
760-1933,6
480-7889,6
890-7867,6
313-9730,6
346-5812,6
640-3109,6
678-7709,6
881-0319,6
474-5071,6
474-0007,6
638-9621,6
640-2960,6
682-7802,6
748-3787,6
882-3171,6
813-6962,6
858-4393,6
398-3236,6
420-7858,6
744-1769,6
769-7683,6
247-1423,6
872-9337,6
365-9828,6
662-5453,6
812-5049,6
506-4282,6
711-0539,6
253-1226,6
381-0926,6
414-0356,6
466-9693,6
544-2876,6
869-0331,6
231-7873,6
767-3734,6
624-3570,6
686-7295,6
747-8209,6
764-6276,6
241-9380,6
277-5435,6
332-8242,6
480-7186,6
777-8392,6
881-4311,6
428-3677,6
486-6315,6
751-6255,6
330-9994,5
610-7478,5
205-6596,5
654-3524,5
417-1096,5
425-7408,5
563-3599,5
569-4096,5
300-8562,5
326-9206,5
536-2470,5
884-5463,5
285-0931,5
578-8211,5
370-2347,5
696-3458,5
332-9901,5
589-1288,5
608-7555,5
697-4133,5
421-0712,5
676-2132,5
465-8183,5
470-9200,5
766-1002,5
867-5852,5
394-9385,5
482-4025,5
490-4702,5
818-8401,5
606-3317,5
284-3241,5
779-7459,5
268-3704,5
716-6614,5
689-7300,5
265-6940,5
888-6798,5
579-6875,5
786-8540,5
272-0365,5
230-4590,5
360-2265,5
570-9837,5
721-0586,5
361-1753,5
459-7803,5
579-1207,5
368-7266,5
433-5550,5
664-0668,5
597-2161,5
889-3380,5
876-5893,5
234-7516,5
493-6506,5
534-8347,5
463-8417,5
499-0073,5
653-4648,5
501-8544,5
565-7101,5
700-6018,5
829-6352,5
298-0480,5
721-0198,5
503-1570,5
611-2858,5
587-7436,5
655-0032,5
245-6549,5
314-5158,5
616-0824,5
414-2436,5
647-7756,5
489-5157,5
663-9314,5
351-3876,5
643-4245,5
246-1960,5
466-5949,5
675-6944,5
248-8674,5
440-2335,5
503-7726,5
539-9829,5
297-3873,5
365-4621,5
485-6506,5
526-1433,5
729-1040,5
864-3165,5
254-5689,5
637-4482,5
666-9337,5
296-4914,5
766-2992,5
833-5234,5
231-3369,5
477-7728,5
448-8763,5
852-7632,5
233-3334,5
783-7727,5
273-0851,5
298-6859,5
396-8799,5
657-6268,5
833-9913,5
421-7170,5
698-2177,5
831-6994,5
871-8991,5
446-7304,5
689-1873,5
402-5268,5
296-1233,5
618-2000,5
555-4902,5
213-3841,5
290-8523,5
319-6136,5
580-4919,5
226-7664,5
342-5147,5
738-1809,5
445-7313,5
681-2325,5
285-3703,5
612-7096,5
557-6335,5
846-9025,5
853-7946,5
355-2536,5
426-5104,5
489-8243,5
311-6688,5
324-4506,5
495-0713,5
784-2701,5
448-5959,5
470-4573,5
482-3316,5
564-6161,5
772-1152,5
222-9797,5
679-4705,5
692-3106,5
443-8560,5
367-8810,5
508-6046,5
689-9264,5
747-2202,5
338-2934,5
277-8249,5
312-8147,5
208-4978,5
856-8834,5
347-4871,5
582-4883,5
351-9717,5
579-5323,5
685-8922,5
641-3272,5
549-1865,5
655-7508,5
846-5726,5
481-0917,5
571-8085,5
711-4838,5
802-0794,5
803-9562,5
409-0213,5
375-7598,5
704-7277,5
368-9122,5
637-8079,5
622-2509,5
267-7235,5
398-2105,5
535-4626,5
742-5192,5
639-0397,5
712-4662,5
267-0966,5
518-0658,5
892-3153,5
473-3473,5
590-5476,5
890-0367,5
715-0238,5
319-7779,5
333-2939,5
558-7506,5
250-5022,5
530-7954,5
378-8213,5
270-8659,5
213-6075,5
863-2291,5
849-9014,5
878-6345,5
362-1430,5
802-8979,5
609-3306,5
254-4088,5
450-9121,5
491-3604,5
209-6493,5
501-8825,5
860-2260,5
860-2849,5
214-0465,5
211-9931,5
641-1847,5
243-8349,5
328-5947,5
409-6889,5
870-7622,5
876-2155,5
382-0297,5
744-5679,5
887-5494,5
836-4259,5
442-8454,5
866-5101,5
235-6384,5
413-9655,5
558-4024,5
427-9725,5
457-6831,5
702-8558,5
245-4718,5
636-0325,5
263-4277,5
446-1869,5
487-8021,5
601-3536,5
840-1572,5
562-4978,5
366-7888,5
387-4468,5
563-4373,5
241-1650,5
346-4799,5
614-7276,5
338-8972,5
604-5884,5
845-1262,5
431-7392,5
313-6041,5
445-9251,5
228-4909,5
369-6101,5
711-4044,5
365-7848,5
289-2123,5
770-2020,5
447-5331,5
816-5425,5
831-1391,5
446-6728,5
718-2728,5
401-6846,5
806-9023,5
228-6540,5
588-0497,5
305-9201,5
395-5473,5
579-5612,5
528-0201,5
830-6813,5
837-6758,5
363-5075,5
838-2186,5
555-2716,5
315-9464,5
737-0554,5
865-5326,5
385-2217,5
549-2749,5
880-4171,5
382-8282,5
530-1262,5
579-2650,5
710-2908,5
605-8028,5
486-3163,5
589-1015,5
798-1319,5
202-2705,5
676-1365,5
774-3214,5
467-5328,5
673-7571,5
846-3028,5
760-0604,5
405-1652,5
513-7047,5
432-9686,5
744-7089,5
432-8654,5
464-7046,5
303-3859,5
426-2671,5
580-6021,5
743-2867,5
593-3981,5
821-7432,5
211-7877,5
246-5813,5
516-5675,5
740-9279,5
207-8483,5
233-9943,5
471-6692,5
824-7918,5
220-1457,5
612-1339,5
751-8111,5
837-6907,5
293-0659,5
626-9195,5
347-6009,5
248-3972,5
265-9845,5
419-7596,5
734-8071,5
890-8691,5
371-6222,5
421-2627,5
374-6518,5
542-2134,5
651-6314,5
428-1903,5
513-5801,5
443-7182,5
669-0986,5
862-2441,5
881-8379,5
299-0299,5
733-7462,5
753-3862,5
537-4327,5
511-9706,5
302-6465,5
495-4327,5
597-6550,5
245-5889,5
665-2739,5
820-5635,5
471-4341,5
718-8246,5
240-1040,5
314-5455,5
471-1644,5
258-4639,5
292-9420,5
340-0827,5
306-9515,5
375-4454,5
776-1596,5
397-8772,5
520-0720,5
629-3211,5
252-2472,5
599-1583,5
712-3656,5
394-6910,5
256-9804,5
758-1135,5
247-3155,5
398-6155,5
447-2890,5
354-9805,5
420-4962,5
700-9533,5
813-9347,5
894-1866,5
422-0190,5
450-6382,5
532-4736,5
556-7706,5
829-9489,5
475-7233,5
802-9068,5
826-5811,5
751-7428,5
572-4729,5
668-3080,5
894-7210,5
480-8895,4
326-0395,4
435-7968,4
480-9711,4
486-6158,4
527-9286,4
654-7566,4
820-5957,4
713-0065,4
272-9762,4
305-4244,4
414-2261,4
479-4301,4
485-5516,4
753-7483,4
870-3472,4
346-2942,4
288-6448,4
431-4803,4
489-9571,4
635-2512,4
484-7851,4
205-8741,4
207-8087,4
253-0897,4
304-8865,4
476-7521,4
592-9120,4
713-7607,4
824-1986,4
420-2818,4
621-6931,4
649-1583,4
341-6518,4
686-6677,4
236-7076,4
278-4072,4
371-7485,4
403-6430,4
501-3867,4
609-3348,4
385-2282,4
581-0098,4
587-1207,4
602-1588,4
859-9789,4
791-7057,4
793-1256,4
822-4818,4
713-3929,4
651-2214,4
211-3140,4
686-5851,4
827-3161,4
554-1735,4
827-2783,4
276-5667,4
261-0038,4
533-4941,4
659-0913,4
676-0078,4
844-0240,4
562-6171,4
241-9612,4
256-7584,4
296-3056,4
527-0699,4
730-9107,4
287-2158,4
710-6503,4
325-1089,4
325-4067,4
329-4824,4
643-3627,4
743-6421,4
807-3868,4
418-2796,4
421-7758,4
524-3282,4
684-0789,4
292-7937,4
583-6309,4
367-9123,4
306-7873,4
356-1974,4
397-6669,4
404-2362,4
418-8454,4
440-7805,4
630-0123,4
631-5493,4
730-8737,4
749-3067,4
798-1285,4
367-8315,4
787-6238,4
828-5413,4
633-3421,4
435-1961,4
205-3080,4
269-5195,4
540-9131,4
574-5435,4
540-4876,4
442-0378,4
675-5094,4
426-3539,4
544-6216,4
854-0387,4
209-9745,4
256-1678,4
327-8702,4
616-7209,4
648-2285,4
657-9551,4
660-7766,4
701-1745,4
802-9241,4
896-0643,4
584-7124,4
311-5094,4
314-0720,4
637-4458,4
723-1749,4
366-9181,4
663-6229,4
799-5988,4
518-0930,4
289-1000,4
393-4429,4
602-2610,4
656-3464,4
688-6188,4
871-2630,4
372-2022,4
444-3040,4
338-9517,4
427-2746,4
428-8411,4
445-8402,4
654-2351,4
684-6612,4
393-2290,4
763-0767,4
874-6869,4
875-1380,4
576-1184,4
581-9057,4
582-7597,4
686-8491,4
871-2564,4
675-1093,4
284-4124,4
389-9697,4
425-9370,4
559-3918,4
700-8014,4
222-9581,4
380-6973,4
515-9157,4
533-3612,4
584-9237,4
637-5224,4
816-6191,4
515-2582,4
719-5878,4
733-4253,4
817-2520,4
867-2099,4
230-4707,4
249-4664,4
295-4063,4
434-8983,4
483-0337,4
609-7331,4
614-6468,4
360-8684,4
491-2101,4
625-3355,4
758-3990,4
836-5140,4
881-4899,4
229-9105,4
470-4672,4
495-0200,4
699-2648,4
821-1344,4
244-1376,4
276-7093,4
304-7123,4
374-9272,4
650-0573,4
650-4229,4
700-6331,4
658-1789,4
827-9150,4
847-0098,4
309-6633,4
396-7940,4
523-8183,4
556-0834,4
638-3244,4
787-6394,4
844-0885,4
787-2971,4
895-4067,4
576-8569,4
515-3820,4
525-8744,4
862-1963,4
739-2129,4
823-9923,4
669-5373,4
219-3696,4
346-7388,4
352-3677,4
530-7749,4
547-8714,4
627-1514,4
847-4025,4
208-0414,4
204-0111,4
242-3861,4
473-8001,4
729-3434,4
744-0340,4
310-1177,4
545-1752,4
618-0053,4
760-9415,4
780-7324,4
220-4139,4
222-0309,4
488-2999,4
571-5487,4
603-0860,4
684-5325,4
729-0620,4
747-1345,4
726-5515,4
235-3084,4
523-3416,4
720-6055,4
853-9876,4
885-2865,4
381-3482,4
448-4945,4
457-8431,4
494-0557,4
420-4863,4
427-2472,4
207-6677,4
210-7522,4
331-1065,4
436-9641,4
706-6665,4
233-9968,4
431-2146,4
509-6821,4
615-0908,4
700-6299,4
885-6346,4
336-3165,4
772-5625,4
781-7067,4
884-9622,4
228-3737,4
358-3432,4
395-9343,4
823-2506,4
284-0221,4
703-5405,4
237-0526,4
404-2917,4
519-5201,4
681-0659,4
780-8546,4
817-0151,4
323-3897,4
347-3220,4
366-1097,4
471-5603,4
527-8056,4
609-0377,4
624-0501,4
898-3926,4
408-4117,4
563-7863,4
612-8318,4
784-7205,4
290-3516,4
331-9944,4
574-3562,4
383-1997,4
424-5155,4
448-9076,4
463-7898,4
576-7140,4
752-5751,4
773-5301,4
799-1797,4
315-7237,4
514-7194,4
619-0235,4
646-4390,4
747-5809,4
322-9689,4
348-2296,4
520-2767,4
812-1501,4
860-6865,4
899-8171,4
265-9993,4
409-6624,4
725-8734,4
531-3622,4
617-4775,4
836-5777,4
251-6086,4
258-6485,4
440-0412,4
543-9914,4
595-0662,4
724-3488,4
470-9937,4
552-9359,4
559-7208,4
572-6377,4
708-9436,4
760-1222,4
851-5397,4
861-0933,4
274-0058,4
358-8449,4
457-8027,4
464-3458,4
628-3766,4
712-6683,4
790-1895,4
868-2320,4
240-2931,4
558-7209,4
631-0213,4
687-6734,4
479-8112,4
599-0445,4
218-8407,4
409-7994,4
519-4329,4
806-8165,4
257-6585,4
366-8472,4
414-1990,4
445-1837,4
473-9512,4
537-0200,4
646-9407,4
782-2158,4
239-0227,4
378-6480,4
531-0842,4
590-5575,4
850-4300,4
756-5625,4
294-1268,4
455-6197,4
459-1525,4
563-6493,4
670-9794,4
745-2691,4
769-2221,4
867-8302,4
303-7900,4
376-5237,4
517-1806,4
726-5903,4
862-7838,4
548-2898,4
620-7591,4
735-4475,4
807-9360,4
872-5350,4
205-3684,4
362-7049,4
440-4570,4
477-1713,4
663-7995,4
831-9139,4
848-1814,4
882-1274,4
356-8797,4
426-7613,4
572-8324,4
813-9172,4
854-4728,4
603-4854,4
422-6197,4
528-1480,4
571-0702,4
617-6796,4
724-4429,4
837-6048,4
287-1879,4
303-8254,4
224-7773,4
359-0908,4
373-9224,4
421-5075,4
443-4825,4
664-4926,4
756-0972,4
780-5591,4
791-1803,4
468-5103,4
571-7962,4
594-6454,4
656-3332,4
319-8314,4
337-1879,4
435-4734,4
862-6889,4
520-3575,4
413-4995,4
859-9565,4
863-6466,4
363-2486,4
676-2553,4
742-4112,4
201-0163,4
280-8897,4
607-0296,4
655-3572,4
777-3401,4
779-5487,4
301-9031,4
390-1162,4
422-0430,4
467-1665,4
537-8658,4
550-7074,4
725-9013,4
885-5447,4
887-0065,4
201-0072,4
409-1856,4
532-2888,4
633-4197,4
275-9637,4
364-1461,4
415-8457,4
420-4236,4
449-2914,4
531-7235,4
330-9275,4
247-6380,4
276-0585,4
374-6161,4
483-0758,4
521-0661,4
579-0456,4
486-9624,4
842-8948,4
248-0408,4
293-4446,4
518-3173,4
540-8950,4
785-2718,4
832-4063,4
232-4192,4
278-1656,4
649-7168,4
658-0971,4
691-5672,4
439-9648,4
536-2140,4
206-1398,4
384-6193,4
419-1474,4
479-1299,4
480-0496,4
213-6521,4
410-2059,4
508-3753,4
627-0391,4
644-2966,4
655-0099,4
862-1948,4
376-9429,4
477-2661,4
575-1284,4
600-0145,4
813-2904,4
285-8082,4
476-9568,4
556-0842,4
619-8477,4
694-1884,4
776-7114,4
854-7564,4
616-4651,4
202-0758,4
569-6109,4
598-6971,4
810-4598,4
265-0471,4
412-4871,4
501-0616,4
657-7605,4
709-8106,4
720-5982,4
800-3600,4
832-2331,4
356-2642,4
706-3076,4
736-1553,4
775-6604,4
315-0604,4
593-3908,4
725-4295,4
841-8501,4
877-1362,4
539-6247,4
276-4694,4
411-2215,4
505-0778,4
639-5594,4
702-9507,4
321-5175,4
409-5725,4
539-9027,4
547-9639,4
751-4177,4
830-2242,4
844-2881,4
286-7596,4
373-0207,4
275-2541,4
422-8573,4
441-8810,4
485-2232,4
492-2399,4
642-7009,4
653-2683,4
722-8083,4
833-7115,4
418-0972,4
464-9380,4
569-8477,4
595-4144,4
878-0470,4
419-4643,4
216-7716,4
515-1675,4
859-9607,4
549-8696,4
305-3493,4
569-6745,4
794-0240,4
830-0345,4
678-3161,4
841-1514,4
856-1052,4
889-5757,4
421-8251,4
589-3169,4
722-0593,4
883-3907,4
362-5522,4
203-6242,4
389-5729,4
407-4720,4
480-1429,4
691-6704,4
763-2235,4
266-4845,4
451-8080,4
533-0964,4
591-4338,4
608-9403,4
403-1514,4
786-6676,4
846-7045,4
223-1769,4
289-2412,4
429-3957,4
586-4913,4
692-4260,4
557-1336,4
790-4758,4
833-2793,4
337-3651,4
577-2637,4
599-3076,4
357-2716,4
373-3599,4
520-5901,4
531-4471,4
277-8637,4
318-8026,4
328-7166,4
394-2380,4
488-2148,4
224-2345,4
246-0228,4
431-3318,4
529-2396,4
634-2869,4
599-5253,4
268-7580,4
507-5023,4
785-0068,4
252-9311,4
291-4877,4
322-4078,4
352-4642,4
203-3561,4
218-6989,4
677-8963,4
713-5635,4
896-2524,4
225-9349,4
327-1806,4
333-0487,4
350-3471,4
856-2035,4
875-2081,4
419-3330,4
426-7563,4
433-6442,4
479-8567,4
645-3807,4
708-4502,4
731-2770,4
216-7351,4
247-1332,4
257-8110,4
386-8601,4
617-0310,4
640-0543,4
395-1357,4
309-4992,4
477-7405,4
513-6924,4
741-0152,4
889-3612,4
224-2238,4
224-7724,4
385-2498,4
692-9970,4
766-4642,4
240-5827,4
287-3651,4
468-9626,4
725-3339,4
741-8056,4
749-0063,4
371-0449,4
324-1478,4
790-4030,4
590-6300,4
718-4922,4
412-0820,4
270-2165,4
387-9152,4
416-0719,4
522-5693,4
528-9129,4
721-1923,4
755-8778,4
743-2982,4
860-8762,4
423-9935,4
484-7323,4
500-5343,4
531-7227,4
538-1207,4
872-5723,4
501-5755,4
543-1291,4
588-2782,4
815-0203,4
323-7807,4
488-9663,4
751-8194,4
818-9755,4
841-4930,4
329-5987,4
399-4084,4
537-6991,4
655-0941,4
784-2750,4
824-9484,4
383-4181,4
515-0735,4
576-0178,4
784-8369,4
549-0479,4
342-8406,4
396-3550,4
499-4075,4
547-7849,4
757-3785,4
867-7452,4
897-3547,4
218-4059,4
408-4240,4
488-3872,4
502-4344,4
578-9417,4
384-9106,4
513-3590,4
760-7179,4
871-6490,4
588-4846,4
210-5963,4
332-5560,4
422-3889,4
514-4829,4
597-0256,4
650-0789,4
707-6094,4
730-7101,4
806-7191,4
834-5837,4
290-7905,4
610-9169,4
843-0712,4
424-1568,4
584-2372,4
618-6886,4
728-8376,4
639-2583,4
307-5967,4
401-9410,4
424-5361,4
861-6807,4
338-0250,4
271-1778,4
312-9087,4
405-5430,4
461-7312,4
578-2123,4
271-0135,4
222-8070,4
605-9281,4
836-9381,4
852-5347,4
220-1879,4
254-6547,4
366-8118,4
689-0974,4
506-2831,4
545-6421,4
702-9267,4
721-0933,4
807-9220,4
835-7030,4
842-6447,4
353-0086,4
399-8580,4
521-3764,4
636-9748,4
661-0778,4
853-2251,4
740-2217,4
887-0925,4
385-1649,4
783-5721,4
868-5281,4
299-6536,4
281-5504,4
363-9333,4
520-7873,4
535-4501,4
754-4562,4
334-3100,4
345-6126,4
369-9972,4
553-0886,4
763-2722,4
794-0182,4
837-0249,4
845-5883,4
421-2700,4
692-8444,4
212-8668,4
215-2262,4
218-4661,4
317-4059,4
613-8150,4
299-2014,4
410-8676,4
605-8226,4
606-9165,4
762-2137,4
434-2523,4
614-4588,4
247-6950,4
328-4320,4
360-4667,4
503-7379,4
689-4968,4
700-6216,4
244-7308,4
293-0436,4
344-9303,4
625-0047,4
633-6580,4
812-6864,4
314-1926,4
541-0071,4
559-0815,4
572-9280,4
798-0097,4
858-6208,4
884-2841,4
592-5516,4
206-4889,4
404-3840,4
648-2871,4
477-2976,4
568-6217,4
625-8826,4
664-7697,4
707-9023,4
856-8230,4
879-8944,4
221-9681,4
318-8919,4
554-9712,4
579-6578,4
674-4486,4
465-5585,4
649-2714,4
685-6090,4
777-5711,4
790-8494,4
252-7406,4
555-6378,4
563-4688,4
748-2862,4
776-8443,4
823-5251,4
696-9273,4
248-4426,4
443-7034,4
484-4817,4
775-8717,4
261-0483,4
392-0469,4
504-2932,4
647-7129,4
861-8258,4
247-3353,4
377-5616,4
507-6708,4
550-0194,4
722-9982,4
410-9179,4
513-7245,4
696-6493,4
811-9091,4
259-0677,4
288-7420,4
319-7290,4
621-7079,4
671-5460,4
672-9180,4
697-7201,4
469-0269,4
571-2427,4
248-4459,4
285-2846,4
413-7782,4
429-7016,4
777-7733,4
801-6586,4
404-6447,4
406-5322,4
450-7067,4
465-6450,4
208-7047,4
246-7744,4
380-2600,4
654-6865,4
799-6689,4
492-7166,4
494-8360,4
565-2987,4
601-9889,4
606-1683,4
301-4164,4
243-0056,4
307-2824,4
459-5369,4
585-3031,4
846-9074,4
378-4071,4
528-2926,4
581-0320,4
681-2051,4
569-2991,4
352-3370,4
412-7478,4
468-7174,4
262-1134,4
840-0822,4
792-6629,4
213-0276,4
463-5942,4
590-8579,4
851-2410,4
892-1132,4
380-4069,4
541-3224,4
627-7164,4
691-6795,4
333-8498,4
374-5411,4
604-3368,4
214-6579,4
279-5904,4
426-2424,4
442-5419,4
532-0833,4
612-3053,4
226-8589,4
862-6897,4
223-1389,4
329-9492,4
375-6681,4
384-1558,4
615-0056,4
762-7094,4
233-7509,4
469-9575,4
818-4335,4
376-5625,4
388-6140,4
763-6889,4
299-0125,4
266-1270,4
391-9602,4
473-2905,4
520-0142,4
610-4368,4
620-3707,4
771-9255,4
266-8598,3
373-8721,3
384-4644,3
807-6028,3
468-1607,3
510-8626,3
264-4334,3
251-6524,3
456-5305,3
582-4586,3
805-2862,3
883-7478,3
413-4409,3
595-5638,3
270-3528,3
631-6855,3
838-3994,3
746-5537,3
286-7968,3
897-9130,3
350-1657,3
590-8074,3
429-3650,3
329-9120,3
836-4903,3
387-8063,3
527-2000,3
260-6994,3
834-1513,3
507-7151,3
544-6943,3
309-7383,3
754-3739,3
351-4205,3
220-0087,3
268-3555,3
356-1859,3
846-3119,3
382-4794,3
596-4903,3
431-5354,3
392-5682,3
261-3354,3
703-8375,3
398-4234,3
415-9448,3
507-0792,3
670-0058,3
424-8068,3
783-8030,3
568-7264,3
894-9539,3
663-6963,3
332-5297,3
573-4645,3
669-2230,3
503-6595,3
665-3414,3
328-3116,3
424-1303,3
660-7345,3
482-3217,3
700-5630,3
851-4747,3
266-5339,3
330-5570,3
202-7555,3
863-4644,3
739-1303,3
584-0285,3
850-2569,3
337-3818,3
395-8584,3
721-2731,3
263-8708,3
629-9051,3
222-3949,3
239-5820,3
446-7015,3
597-1585,3
276-0239,3
653-7930,3
826-7288,3
586-8625,3
514-6568,3
778-4960,3
449-0215,3
462-0043,3
299-9043,3
545-8492,3
282-5578,3
438-1414,3
865-3347,3
208-2097,3
585-6158,3
893-8029,3
561-3211,3
685-4657,3
792-4913,3
627-7123,3
602-9359,3
597-7335,3
561-5901,3
802-3210,3
660-7212,3
429-3668,3
475-9056,3
212-9773,3
870-9917,3
423-3235,3
695-5124,3
826-2990,3
303-5680,3
565-7515,3
520-6578,3
601-5309,3
294-6622,3
262-6620,3
885-8649,3
772-4735,3
582-2580,3
406-6726,3
297-6322,3
383-4538,3
424-6773,3
594-8229,3
202-1160,3
696-3193,3
530-8010,3
314-0514,3
585-4013,3
432-2269,3
613-3466,3
531-0446,3
790-8510,3
557-7473,3
833-7123,3
623-2144,3
460-9467,3
811-1973,3
628-5621,3
795-5297,3
798-8991,3
748-3944,3
400-6722,3
349-7971,3
396-9185,3
476-3363,3
665-5229,3
808-7835,3
707-7787,3
569-1134,3
540-2813,3
872-5061,3
604-5165,3
342-3498,3
472-2732,3
803-0371,3
474-4819,3
313-8468,3
657-0709,3
250-8919,3
666-2720,3
425-9586,3
471-6502,3
308-2948,3
357-1510,3
512-8335,3
808-6027,3
541-0006,3
631-5469,3
860-8077,3
646-6379,3
738-9323,3
265-7914,3
716-4288,3
843-2833,3
650-1407,3
220-6720,3
287-2471,3
616-8090,3
777-2890,3
276-1922,3
334-8968,3
603-7824,3
654-9240,3
800-9326,3
488-8954,3
319-7472,3
879-3804,3
888-3621,3
633-1367,3
777-1884,3
297-9623,3
314-3633,3
693-4723,3
832-2174,3
325-9710,3
814-4255,3
400-1087,3
462-1389,3
706-7671,3
268-0338,3
520-0118,3
382-0271,3
852-8879,3
350-6920,3
504-0159,3
820-7516,3
855-8199,3
263-0614,3
869-7104,3
853-4950,3
633-5160,3
466-5535,3
374-2228,3
357-8267,3
606-1485,3
378-6225,3
566-0253,3
405-4185,3
890-9996,3
834-3097,3
356-1073,3
651-5340,3
764-7522,3
368-4784,3
890-8717,3
425-1062,3
540-6905,3
398-7286,3
424-9033,3
847-7762,3
298-0852,3
272-0126,3
303-8478,2
323-7104,2
623-0262,2
626-2976,2
434-0402,2
603-3609,2
478-9145,2
580-6476,2
815-7612,2
317-6377,2
294-6655,2
794-3822,2
208-3699,2
292-9172,2
441-4645,2
572-2889,2
242-3465,2
581-6715,2
639-6121,2
203-1680,2
500-3553,2
724-4049,2
663-6278,2
299-4655,2
805-5618,2
315-2196,2
524-1880,2
859-9680,2
232-0521,2
234-9108,2
328-9600,2
363-4664,2
557-9891,2
881-5912,2
207-0134,2
200-6807,2
623-8679,2
698-1476,2
769-2643,2
856-5699,2
300-8315,2
776-2511,2
803-2989,2
530-9133,2
237-5707,2
202-6359,2
351-3603,2
737-7690,2
849-2811,2
464-2104,2
300-4926,2
701-1653,2
711-8904,2
679-7534,2
710-7832,2
753-6857,2
762-6112,2
786-4390,2
212-8213,2
229-1110,2
649-8893,2
692-8295,2
669-3824,2
218-6831,2
242-8985,2
350-7241,2
686-1868,2
709-7223,2
291-8365,2
411-2066,2
681-9932,2
460-4583,2
810-8623,2
593-2520,2
557-3423,2
777-9416,2
737-7666,2
277-3158,2
321-5845,2
230-4301,2
297-7098,2
576-0749,2
698-7044,2
711-8763,2
508-1708,2
332-7152,2
694-7683,2
453-1901,2
535-2661,2
846-0511,2
266-1924,2
873-4428,2
729-2980,2
677-7395,2
449-4704,2
736-7741,2
789-2953,2
216-6221,2
643-8048,2
802-9852,2
595-2148,2
707-2283,2
677-7783,2
379-1878,2
852-7699,2
248-3857,2
469-6209,2
243-9107,2
249-9580,2
495-4863,2
558-5534,2
655-2988,2
665-9759,2
471-7120,2
302-8107,2
470-3732,2
785-7584,2
393-6549,2
219-1161,2
707-5260,2
896-0163,2
804-6815,2
227-5485,2
220-3073,2
299-0638,2
379-3098,2
379-8261,2
727-1885,2
765-9048,2
464-9554,2
290-6808,2
420-5001,2
381-7798,2
496-7154,2
281-9563,2
476-9626,2
726-3205,2
847-9594,2
532-6053,2
280-4474,2
445-1175,2
791-3866,2
558-1210,2
390-5643,2
624-7209,2
339-7536,2
776-3915,2
228-9551,2
574-3398,2
785-4706,2
861-7680,2
329-6522,2
495-3634,2
501-4725,2
879-8563,2
485-6373,2
560-0093,2
215-3674,2
605-0769,2
799-8396,2
284-8075,2
513-5819,2
876-5497,2
788-3606,2
459-2523,2
690-2084,2
777-1991,2
533-8603,2
800-3337,2
750-2032,2
260-2092,2
514-8515,2
815-5087,2
863-8819,2
211-7323,2
420-1141,2
718-4898,2
422-7161,2
752-8276,2
847-4280,2
234-8472,2
646-6635,2
875-4400,2
472-8754,2
327-6854,2
862-4785,2
575-3058,2
289-3568,2
230-5415,2
786-6221,2
260-9014,2
727-8658,2
465-1899,2
885-6700,2
775-3791,2
591-0575,2
310-4882,2
746-4084,2
883-2479,2
865-6019,2
294-1235,2
799-4932,2
359-4181,2
564-6617,2
673-2630,2
773-3645,2
497-1586,2
478-9269,2
205-3981,2
343-1624,2
224-2659,2
848-1897,2
334-4298,2
281-1321,2
322-3575,2
206-7569,2
630-0222,2
288-0938,2
688-7806,2
377-5186,2
895-2863,2
382-8035,2
437-2744,2
781-1565,2
308-0736,2
826-4483,2
250-8539,2
680-1468,2
324-4233,2
730-8729,2
678-5612,2
513-8599,2
351-3553,2
777-5281,2
689-3812,2
334-1104,2
893-4614,2
472-3581,2
811-3201,2
292-3563,2
652-3906,2
261-9104,2
297-7890,2
464-5651,2
718-6935,2
786-8706,2
831-1656,2
475-8421,2
265-2337,2
409-2029,2
425-8380,2
624-1640,2
723-0410,2
627-2843,2
226-9686,2
838-3853,2
868-2015,2
887-3804,2
670-4233,2
492-6432,2
291-3051,2
316-7129,2
338-7370,2
315-5801,2
334-7325,2
371-8699,2
490-7945,2
819-9374,2
320-3387,2
553-4292,2
275-2681,2
564-3044,2
890-8451,2
384-7696,2
541-5625,2
893-3533,2
771-6855,2
472-2443,2
493-1192,2
617-3066,2
584-0186,2
682-7752,2
716-4833,2
227-5600,2
603-4763,2
692-6596,2
421-9945,2
480-2633,2
564-0941,2
488-2221,2
535-7116,2
540-1732,2
852-0546,2
598-5817,2
279-8510,2
547-4846,2
609-8875,2
724-3819,2
542-7216,2
830-3729,2
500-0690,2
247-7107,2
854-0700,2
200-5007,2
472-1155,2
867-8476,2
869-5306,2
454-6156,2
727-4335,2
225-0405,2
677-8989,2
444-7736,2
763-0627,2
845-7129,2
610-1620,2
600-6126,2
680-8059,2
740-5517,2
310-6879,2
673-6532,2
881-3628,2
521-8094,2
641-3389,2
841-6158,2
611-6610,2
482-4033,2
752-2154,2
240-6148,2
572-0545,2
652-5406,2
750-4061,2
355-4946,2
316-0363,2
419-3496,2
717-3149,2
663-7516,2
326-5782,2
330-6461,2
535-4915,2
806-5526,2
224-3335,2
590-6193,2
721-3994,2
768-1406,2
271-5498,2
548-2336,2
727-9094,2
770-8498,2
256-3294,2
759-4088,2
266-2427,2
713-4950,2
741-1671,2
862-9644,2
207-8756,2
518-0765,2
799-2084,2
326-3050,2
401-7042,2
536-5366,2
261-5748,2
557-5063,2
460-1647,2
314-0563,2
597-4969,2
890-6869,2
408-5452,2
719-5589,2
650-6190,2
669-1885,2
494-9780,2
522-0132,2
679-7898,2
711-8193,2
573-6533,1
721-6393,1
770-6179,1
367-0874,1
216-7112,1
358-5791,1
560-6215,1
572-9389,1
748-5188,1
396-6793,1
763-0320,1
767-4583,1
339-1406,1
716-5004,1
248-1406,1
371-7675,1
393-4684,1
748-5634,1
310-8800,1
410-4030,1
532-5634,1
810-3905,1
719-1679,1
855-8264,1
208-1214,1
242-1378,1
416-7532,1
555-7657,1
713-3028,1
261-1903,1
421-9747,1
603-8897,1
220-9617,1
276-7366,1
296-3510,1
302-5822,1
380-9753,1
387-0789,1
502-4161,1
552-2586,1
715-7795,1
825-4344,1
422-1982,1
454-0506,1
289-4970,1
420-8534,1
635-9756,1
859-5027,1
296-6042,1
399-4498,1
839-0486,1
249-8848,1
443-6424,1
693-4368,1
297-4236,1
754-5148,1
606-9637,1
595-3989,1
598-0784,1
624-8827,1
614-7862,1
252-8685,1
686-3039,1
809-8782,1
849-6531,1
223-8756,1
355-6412,1
605-5016,1
623-7259,1
656-4025,1
664-8281,1
735-3378,1
739-3614,1
306-3484,1
344-3207,1
474-1419,1
875-9128,1
886-9729,1
228-5450,1
235-0973,1
427-6820,1
466-0502,1
804-3275,1
202-1442,1
410-8627,1
841-1787,1
388-2230,1
534-8180,1
548-6402,1
699-4255,1
871-8603,1
300-8307,1
618-5300,1
683-5995,1
735-7643,1
834-9540,1
392-9684,1
557-8190,1
665-0626,1
761-5453,1
293-2879,1
719-1752,1
379-0813,1
495-6520,1
700-2967,1
736-3237,1
492-0872,1
222-1257,1
240-9878,1
368-5518,1
381-1304,1
383-6111,1
534-7968,1
574-4164,1
331-5710,1
452-1845,1
782-8221,1
696-9497,1
696-3995,1
705-9793,1
251-4958,1
287-6779,1
726-4419,1
673-8496,1
418-4297,1
532-3241,1
842-2024,1
489-2485,1
579-9044,1
680-7481,1
680-9438,1
887-3739,1
330-3187,1
768-2701,1
772-6839,1
814-2697,1
441-4223,1
776-6694,1
847-9099,1
874-9541,1
619-0292,1
507-2855,1
553-1090,1
650-9038,1
222-2529,1
505-2410,1
532-4181,1
696-7772,1
754-5684,1
411-8402,1
623-7226,1
762-2814,1
569-0474,1
869-8615,1
537-3261,1
545-2990,1
663-9082,1
669-6504,1
808-8270,1
828-7385,1
336-8305,1
637-1728,1
833-0094,1
892-1207,1
203-1243,1
263-2719,1
650-3874,1
673-9007,1
737-3400,1
730-2482,1
230-3006,1
477-2182,1
594-5217,1
658-2761,1
214-7221,1
323-4697,1
342-1997,1
348-8194,1
516-5287,1
518-1417,1
580-6005,1
255-4764,1
361-7412,1
373-5842,1
785-5570,1
219-0130,1
230-4210,1
477-3040,1
865-0814,1
273-9654,1
436-8734,1
553-2809,1
527-9492,1
444-1440,1
483-8686,1
567-3850,1
698-7432,1
249-5554,1
282-9513,1
716-8917,1
402-5680,1
828-5645,1
863-4628,1
587-2213,1
749-9197,1
264-6149,1
708-2191,1
302-3579,1
651-3600,1
732-5723,1
672-8489,1
354-7577,1
416-9686,1
437-7784,1
502-9582,1
531-8357,1
756-1962,1
811-1619,1
270-3114,1
491-2259,1
707-7712,1
778-1081,1
474-4561,1
481-4885,1
411-6588,1
391-5303,1
684-2744,1
220-2075,1
333-5668,1
406-2584,1
497-7765,1
894-1791,1
599-7929,1
683-9013,1
691-0095,1
817-9095,1
880-6366,1
278-1763,1
767-4682,1
244-5997,1
328-5590,1
601-7560,1
741-7207,1
433-6152,1
811-5636,1
863-9395,1
634-7611,1
865-1234,1
476-4478,1
772-6375,1
421-6958,1
602-1984,1
711-5165,1
814-9841,1
584-5805,1
200-5916,1
321-3444,1
259-4364,1
270-8394,1
445-8071,1
563-2146,1
627-3916,1
841-7941,1
203-5863,1
222-4293,1
269-9346,1
715-5500,1
327-8959,1
432-5445,1
534-5079,1
554-5512,1
869-5579,1
501-7868,1
568-7645,1
572-0172,1
670-2146,1
613-2666,1
479-7841,1
561-7436,1
868-3807,1
238-6167,1
471-8649,1
729-4002,1
811-4605,1
819-9671,1
540-4058,1
403-1258,1
257-5439,1
280-0241,1
566-6193,1
306-6925,1
738-0694,1
898-4064,1
469-3214,1
594-3147,1
692-3585,1
376-9155,1
425-9412,1
746-1650,1
754-9892,1
792-3246,1
841-1373,1
895-2145,1
611-8889,1
544-5259,1
730-0890,1
797-8976,1
897-8553,1
315-0042,1
409-4009,1
504-9358,1
593-9921,1
596-1883,1
312-9780,1
241-6873,1
244-8231,1
576-4246,1
601-6299,1
734-4476,1
672-9230,1
872-4460,1
533-7373,1
724-6226,1
759-9129,1
864-5244,1
870-9461,1
210-5575,1
381-1031,1
439-3112,1
830-9759,1
413-5505,1
780-1020,1
839-0874,1
254-1225,1
452-8394,1
691-4758,1
285-1640,1
668-3759,1
693-6231,1
696-4654,1
749-6466,1
858-5028,1
884-5091,1
552-4939,1
570-1776,1
711-1727,1
719-2875,1
786-5728,1
267-0131,1
636-6348,1
667-0897,1
766-0137,1
832-8940,1
396-6611,1
285-4065,1
321-8609,1
331-6841,1
399-7608,1
403-5424,1
559-6366,1
762-1923,1
242-5007,1
450-5236,1
471-8896,1
569-4922,1
844-5876,1
427-6994,1
687-1420,1
275-7243,1
884-8483,1
492-4999,1
717-5573,1
743-1059,1
377-2522,1
887-2343,1
256-1397,1
268-4967,1
666-8115,1
851-6478,1
860-2484,1
566-4396,1
701-3873,1
807-8263,1
402-2489,1
352-5920,1
561-6149,1
351-7471,1
424-1048,1
671-5320,1
785-6495,1
739-8381,1
354-9029,1
380-3616,1
499-4406,1
569-2496,1
816-8890,1
290-0744,1
342-0742,1
370-0606,1
700-6794,1
214-5720,1
649-1088,1
840-4709,1
870-6285,1
642-4600,1
698-3621,1
789-2730,1
835-4276,1
322-3542,1
228-8926,1
286-0666,1
593-0854,1
467-6094,1
507-7649,1
534-3686,1
538-3468,1
721-3606,1
732-2738,1
823-6739,1
319-3372,1
591-0989,1
624-6276,1
895-2236,1
517-1533,1
628-7882,1
669-0515,1
733-5599,1
888-6426,1
224-2873,1
389-7584,1
896-0445,1
217-9786,1
341-5825,1
248-9862,1
655-1444,1
697-9777,1
716-9147,1
863-5393,1
886-2823,1
892-0761,1
450-2860,1
666-8644,1
310-8727,1
316-3334,1
422-4028,1
857-9575,1
395-8469,1
280-2429,1
735-6231,1
858-6109,1
312-8782,1
457-9793,1
490-8802,1
658-1730,1
358-0198,1
449-0751,1
523-8001,1
542-1227,1
849-9030,1
695-9415,1
606-6906,1
754-3390,1
864-0252,1
294-7612,1
658-7570,1
341-8266,1
439-8822,1
473-8092,1
661-5025,1
894-0488,1
867-8658,1
332-3052,1
809-2975,1
769-2668,1
207-3260,1
446-9185,1
332-1239,1
310-7117,1
466-6699,1
475-1814,1
673-6755,1
343-8397,1
420-2610,1
527-8767,1
663-6005,1
842-7635,1
315-0232,1
345-3784,1
585-0599,1
873-7603,1
271-1422,1
457-5643,1
577-0664,1
710-3583,1
371-6610,1
508-3266,1
202-3141,1
297-9144,1
428-1010,1
528-0110,1
601-2470,1
757-3033,1
538-0423,1
825-3676,1
523-6278,1
604-7971,1
630-1980,1
737-3426,1
751-5521,1
340-4183,1
407-3466,1
321-9128,1
349-0083,1
594-6892,1
741-9005,1
865-0509,1
388-4822,1
396-7304,1
694-8814,1
868-4292,1
246-4105,1
295-2018,1
376-5146,1
398-3178,1
718-1233,1
831-0104,1
303-0038,1
441-0999,1
665-4123,1
675-4642,1
756-9296,1
753-8267,1
473-7433,1
377-0393,1
592-1754,1
602-9771,1
619-5333,1
797-5477,1
277-9510,1
298-7238,1
343-1798,1
447-9887,1
291-4422,1
425-9339,1
637-1793,1
667-6266,1
229-6499,1
237-3140,1
401-4320,1
455-6106,1
547-5025,1
327-3927,1
420-7007,1
456-7103,1
234-4901,1
579-6479,1
587-3674,1
659-6241,1
847-5519,1
269-1392,1
324-5800,1
491-0477,1
499-3689,1
532-7903,1
690-1094,1
831-6747,1
897-0238,1
456-5982,1
565-4678,1
841-5192,1
344-8719,1
418-7928,1
388-0440,1
232-9076,1
249-4771,1
648-8217,1
330-4508,1
438-5530,1
221-1902,1
323-9696,1
454-7717,1
241-3318,1
546-8426,1
784-1836,1
806-8702,1
886-6824,1
256-1108,1
286-2027,1
387-6620,1
552-6363,1
202-7654,1
550-6084,1
257-4770,1
274-5693,1
473-9967,1
545-6413,1
706-0072,1
832-9104,1
865-5623,1
871-5369,1
277-1202,1
391-2151,1
892-7709,1
269-8033,1
495-6959,1
648-3689,1
842-6454,1
425-2011,1
784-6041,1
807-5251,1
294-4296,1
313-9151,1
319-7753,1
726-5382,1
793-1397,1
290-7525,1
714-0254,1
884-7899,1
439-3815,1
559-5103,1
676-1464,1
204-5714,1
364-7542,1
416-2301,1
659-6159,1
896-1666,1
377-8883,1
818-4541,1
844-1552,1
379-5747,1
491-4446,1
736-1264,1
763-0874,1
218-8787,1
612-1529,1
841-6125,1
550-0137,1
870-6780,1
273-0927,1
530-0959,1
550-5508,1
852-2609,1
875-9953,1
887-4299,1
310-0773,1
334-7085,1
816-7728,1
821-6103,1
521-4762,1
535-2059,1
816-5466,1
462-7337,1
747-8217,1
838-4919,1
848-6987,1
478-2439,1
659-6449,1
319-6177,1
366-2780,1
537-6231,1
623-1930,1
835-1058,1
530-4639,1
576-5433,1
734-1209,1
656-9404,1
373-3516,1
339-3147,1
412-3451,1
787-1973,1
865-5748,1
436-4345,1
364-5579,1
444-6977,1
542-1441,1
568-4923,1
291-6955,1
435-0153,1
447-0530,1
568-2331,1
654-7038,1
682-1177,1
240-5397,1
388-5647,1
516-4389,1
609-5822,1
711-2493,1
244-2796,1
380-6627,1
390-9132,1
496-4680,1
500-6556,1
700-3726,1
736-6743,1
743-8385,1
228-0170,1
535-2711,1
719-6868,1
813-1484,1
430-8706,1
201-5329,1
232-6254,1
520-8806,1
540-6632,1
690-8420,1
860-1171,1
409-7465,1
335-1137,1
563-3904,1
765-4767,1
768-9680,1
765-9840,1
434-7068,1
441-5212,1
601-3254,1
702-1157,1
844-4242,1
857-8825,1
716-1821,1
607-2599,1
616-8413,1
729-1263,1
755-1518,1
831-9451,1
849-3421,1
898-7869,1
406-2634,1
543-2174,1
754-5726,1
